{
    "parent": "minecraft:item/generated",
    "textures": {
        "layer0": "minecraft:item/bread"
    },
    "display": {
        "thirdperson_righthand": {
            "translation": [
                2.5,
                13,
                0
            ],
            "rotation": [
                0,
                0,
                45
            ],
            "scale": [
                2,
                2,
                2
            ]
        },
        "thirdperson_lefthand": {
            "translation": [
                0,
                0,
                0
            ],
            "scale": [
                2,
                2,
                2
            ]
        }
    }
}