{
    "credit": "Made with Blockbench by Gugle",
    "texture_size": [
        64,
        64
    ],
    "textures": {
        "0": "mcwzhmeme:block/author/mysticnebula70",
        "1": "block/smooth_stone",
        "particle": "block/smooth_stone"
    },
    "elements": [
        {
            "name": "head_main",
            "from": [
                7,
                4,
                0.5
            ],
            "to": [
                9.5,
                6,
                3
            ],
            "rotation": {
                "angle": 0,
                "axis": "y",
                "origin": [
                    8,
                    2.5,
                    3.5
                ]
            },
            "faces": {
                "north": {
                    "uv": [
                        1.25,
                        1.25,
                        2.5,
                        2.25
                    ],
                    "texture": "#0"
                },
                "east": {
                    "uv": [
                        0,
                        1.25,
                        1.25,
                        2.25
                    ],
                    "texture": "#0"
                },
                "south": {
                    "uv": [
                        3.75,
                        1.25,
                        5,
                        2.25
                    ],
                    "texture": "#0"
                },
                "west": {
                    "uv": [
                        2.5,
                        1.25,
                        3.75,
                        2.25
                    ],
                    "texture": "#0"
                },
                "up": {
                    "uv": [
                        1.25,
                        0,
                        2.5,
                        1.25
                    ],
                    "texture": "#0"
                },
                "down": {
                    "uv": [
                        2.5,
                        0,
                        3.75,
                        1.25
                    ],
                    "texture": "#0"
                }
            }
        },
        {
            "name": "head_nose",
            "from": [
                7.5,
                4,
                0
            ],
            "to": [
                9,
                5,
                1
            ],
            "rotation": {
                "angle": 0,
                "axis": "y",
                "origin": [
                    8,
                    2.5,
                    3.5
                ]
            },
            "faces": {
                "north": {
                    "uv": [
                        0.5,
                        6.5,
                        1.25,
                        7
                    ],
                    "texture": "#0"
                },
                "east": {
                    "uv": [
                        0,
                        6.5,
                        0.5,
                        7
                    ],
                    "texture": "#0"
                },
                "west": {
                    "uv": [
                        1.25,
                        6.5,
                        1.75,
                        7
                    ],
                    "texture": "#0"
                },
                "up": {
                    "uv": [
                        0.5,
                        6,
                        1.25,
                        6.5
                    ],
                    "texture": "#0"
                },
                "down": {
                    "uv": [
                        1.25,
                        6,
                        2,
                        6.5
                    ],
                    "texture": "#0"
                }
            }
        },
        {
            "name": "head_ear_1",
            "from": [
                8.75,
                6,
                1.5
            ],
            "to": [
                9.25,
                6.5,
                2.5
            ],
            "rotation": {
                "angle": 0,
                "axis": "y",
                "origin": [
                    8,
                    2.5,
                    3.5
                ]
            },
            "faces": {
                "north": {
                    "uv": [
                        0.5,
                        3,
                        0.75,
                        3.25
                    ],
                    "texture": "#0"
                },
                "east": {
                    "uv": [
                        0,
                        3,
                        0.5,
                        3.25
                    ],
                    "texture": "#0"
                },
                "south": {
                    "uv": [
                        1.5,
                        3,
                        1.75,
                        3.25
                    ],
                    "texture": "#0"
                },
                "west": {
                    "uv": [
                        1,
                        3,
                        1.5,
                        3.25
                    ],
                    "texture": "#0"
                },
                "up": {
                    "uv": [
                        0.5,
                        2.5,
                        0.75,
                        3
                    ],
                    "texture": "#0"
                },
                "down": {
                    "uv": [
                        0.75,
                        2.5,
                        1,
                        3
                    ],
                    "texture": "#0"
                }
            }
        },
        {
            "name": "head_ear_1",
            "from": [
                7.25,
                6,
                1.5
            ],
            "to": [
                7.75,
                6.5,
                2.5
            ],
            "rotation": {
                "angle": 0,
                "axis": "y",
                "origin": [
                    8,
                    2.5,
                    3.5
                ]
            },
            "faces": {
                "north": {
                    "uv": [
                        2,
                        3,
                        2.25,
                        3.25
                    ],
                    "texture": "#0"
                },
                "east": {
                    "uv": [
                        1.5,
                        3,
                        2,
                        3.25
                    ],
                    "texture": "#0"
                },
                "south": {
                    "uv": [
                        3,
                        3,
                        3.25,
                        3.25
                    ],
                    "texture": "#0"
                },
                "west": {
                    "uv": [
                        2.5,
                        3,
                        3,
                        3.25
                    ],
                    "texture": "#0"
                },
                "up": {
                    "uv": [
                        2,
                        2.5,
                        2.25,
                        3
                    ],
                    "texture": "#0"
                },
                "down": {
                    "uv": [
                        2.25,
                        2.5,
                        2.5,
                        3
                    ],
                    "texture": "#0"
                }
            }
        },
        {
            "name": "body",
            "from": [
                7.25,
                2.5,
                3
            ],
            "to": [
                9.25,
                5.5,
                11
            ],
            "rotation": {
                "angle": 0,
                "axis": "y",
                "origin": [
                    8,
                    4.5,
                    6
                ]
            },
            "faces": {
                "north": {
                    "uv": [
                        6.5,
                        0,
                        7.5,
                        1.5
                    ],
                    "texture": "#0"
                },
                "east": {
                    "uv": [
                        5,
                        1.5,
                        6.5,
                        5.5
                    ],
                    "rotation": 90,
                    "texture": "#0"
                },
                "south": {
                    "uv": [
                        7.5,
                        0,
                        8.5,
                        1.5
                    ],
                    "texture": "#0"
                },
                "west": {
                    "uv": [
                        7.5,
                        1.5,
                        9,
                        5.5
                    ],
                    "rotation": 270,
                    "texture": "#0"
                },
                "up": {
                    "uv": [
                        9,
                        1.5,
                        10,
                        5.5
                    ],
                    "texture": "#0"
                },
                "down": {
                    "uv": [
                        6.5,
                        1.5,
                        7.5,
                        5.5
                    ],
                    "texture": "#0"
                }
            }
        },
        {
            "name": "left",
            "from": [
                7,
                0.5,
                4
            ],
            "to": [
                8,
                5.5,
                5
            ],
            "rotation": {
                "angle": 0,
                "axis": "y",
                "origin": [
                    8,
                    4.5,
                    6
                ]
            },
            "faces": {
                "north": {
                    "uv": [
                        10.5,
                        0.5,
                        11,
                        3
                    ],
                    "texture": "#0"
                },
                "east": {
                    "uv": [
                        10.5,
                        0.5,
                        11,
                        3
                    ],
                    "texture": "#0"
                },
                "south": {
                    "uv": [
                        11.5,
                        0.5,
                        12,
                        3
                    ],
                    "texture": "#0"
                },
                "west": {
                    "uv": [
                        11,
                        0.5,
                        11.5,
                        3
                    ],
                    "texture": "#0"
                },
                "up": {
                    "uv": [
                        10.5,
                        0,
                        11,
                        0.5
                    ],
                    "rotation": 180,
                    "texture": "#0"
                },
                "down": {
                    "uv": [
                        11,
                        0,
                        11.5,
                        0.5
                    ],
                    "texture": "#0"
                }
            }
        },
        {
            "name": "right",
            "from": [
                8.5,
                0.5,
                4
            ],
            "to": [
                9.5,
                5.5,
                5
            ],
            "rotation": {
                "angle": 0,
                "axis": "y",
                "origin": [
                    8,
                    4.5,
                    6
                ]
            },
            "faces": {
                "north": {
                    "uv": [
                        10.5,
                        0.5,
                        11,
                        3
                    ],
                    "texture": "#0"
                },
                "east": {
                    "uv": [
                        10.5,
                        0.5,
                        11,
                        3
                    ],
                    "texture": "#0"
                },
                "south": {
                    "uv": [
                        11.5,
                        0.5,
                        12,
                        3
                    ],
                    "texture": "#0"
                },
                "west": {
                    "uv": [
                        11,
                        0.5,
                        11.5,
                        3
                    ],
                    "texture": "#0"
                },
                "up": {
                    "uv": [
                        10.5,
                        0,
                        11,
                        0.5
                    ],
                    "rotation": 180,
                    "texture": "#0"
                },
                "down": {
                    "uv": [
                        11,
                        0,
                        11.5,
                        0.5
                    ],
                    "texture": "#0"
                }
            }
        },
        {
            "name": "left",
            "from": [
                7,
                0.5,
                9.5
            ],
            "to": [
                8,
                3.5,
                10.5
            ],
            "rotation": {
                "angle": 0,
                "axis": "y",
                "origin": [
                    8,
                    4.5,
                    6
                ]
            },
            "faces": {
                "north": {
                    "uv": [
                        2.5,
                        3.5,
                        3,
                        5
                    ],
                    "texture": "#0"
                },
                "east": {
                    "uv": [
                        2,
                        3.75,
                        2.5,
                        5.25
                    ],
                    "texture": "#0"
                },
                "south": {
                    "uv": [
                        3.5,
                        3.75,
                        4,
                        5.25
                    ],
                    "texture": "#0"
                },
                "west": {
                    "uv": [
                        3,
                        3.75,
                        3.5,
                        5.25
                    ],
                    "texture": "#0"
                },
                "up": {
                    "uv": [
                        2.5,
                        3.25,
                        3,
                        3.75
                    ],
                    "texture": "#0"
                },
                "down": {
                    "uv": [
                        3,
                        3.25,
                        3.5,
                        3.75
                    ],
                    "texture": "#0"
                }
            }
        },
        {
            "name": "right",
            "from": [
                8.5,
                0.5,
                9.5
            ],
            "to": [
                9.5,
                3.5,
                10.5
            ],
            "rotation": {
                "angle": 0,
                "axis": "y",
                "origin": [
                    8,
                    4.5,
                    6
                ]
            },
            "faces": {
                "north": {
                    "uv": [
                        2.5,
                        3.5,
                        3,
                        5
                    ],
                    "texture": "#0"
                },
                "east": {
                    "uv": [
                        2,
                        3.75,
                        2.5,
                        5.25
                    ],
                    "texture": "#0"
                },
                "south": {
                    "uv": [
                        3.5,
                        3.75,
                        4,
                        5.25
                    ],
                    "texture": "#0"
                },
                "west": {
                    "uv": [
                        3,
                        3.75,
                        3.5,
                        5.25
                    ],
                    "texture": "#0"
                },
                "up": {
                    "uv": [
                        2.5,
                        3.25,
                        3,
                        3.75
                    ],
                    "texture": "#0"
                },
                "down": {
                    "uv": [
                        3,
                        3.25,
                        3.5,
                        3.75
                    ],
                    "texture": "#0"
                }
            }
        },
        {
            "name": "tail",
            "from": [
                8,
                4.88268,
                10.92388
            ],
            "to": [
                8.5,
                5.38268,
                14.92388
            ],
            "rotation": {
                "angle": 22.5,
                "axis": "x",
                "origin": [
                    8,
                    4.5,
                    10
                ]
            },
            "faces": {
                "north": {
                    "uv": [
                        0.25,
                        3.75,
                        0.5,
                        4
                    ],
                    "rotation": 180,
                    "texture": "#0"
                },
                "east": {
                    "uv": [
                        0,
                        4,
                        0.25,
                        6
                    ],
                    "rotation": 90,
                    "texture": "#0"
                },
                "south": {
                    "uv": [
                        0.5,
                        3.75,
                        0.75,
                        4
                    ],
                    "texture": "#0"
                },
                "west": {
                    "uv": [
                        0.5,
                        4,
                        0.75,
                        6
                    ],
                    "rotation": 270,
                    "texture": "#0"
                },
                "up": {
                    "uv": [
                        0.75,
                        4,
                        1,
                        6
                    ],
                    "texture": "#0"
                },
                "down": {
                    "uv": [
                        0.25,
                        4,
                        0.5,
                        6
                    ],
                    "rotation": 180,
                    "texture": "#0"
                }
            }
        },
        {
            "name": "tail_end",
            "from": [
                8,
                2.61732,
                14.92388
            ],
            "to": [
                8.5,
                3.11732,
                18.92388
            ],
            "rotation": {
                "angle": -22.5,
                "axis": "x",
                "origin": [
                    8,
                    3,
                    14
                ]
            },
            "faces": {
                "north": {
                    "uv": [
                        1.25,
                        3.75,
                        1.5,
                        4
                    ],
                    "rotation": 180,
                    "texture": "#0"
                },
                "east": {
                    "uv": [
                        1,
                        4,
                        1.25,
                        6
                    ],
                    "rotation": 90,
                    "texture": "#0"
                },
                "south": {
                    "uv": [
                        1.5,
                        3.75,
                        1.75,
                        4
                    ],
                    "texture": "#0"
                },
                "west": {
                    "uv": [
                        1.5,
                        4,
                        1.75,
                        6
                    ],
                    "rotation": 270,
                    "texture": "#0"
                },
                "up": {
                    "uv": [
                        1.75,
                        4,
                        2,
                        6
                    ],
                    "texture": "#0"
                },
                "down": {
                    "uv": [
                        1.25,
                        4,
                        1.5,
                        6
                    ],
                    "rotation": 180,
                    "texture": "#0"
                }
            }
        },
        {
            "name": "plate",
            "from": [
                4,
                0,
                3.5
            ],
            "to": [
                12,
                0.5,
                11.5
            ],
            "faces": {
                "north": {
                    "uv": [
                        0,
                        15,
                        16,
                        16
                    ],
                    "texture": "#1"
                },
                "east": {
                    "uv": [
                        0,
                        0,
                        16,
                        0.25
                    ],
                    "texture": "#1"
                },
                "south": {
                    "uv": [
                        0,
                        0,
                        16,
                        0.25
                    ],
                    "texture": "#1"
                },
                "west": {
                    "uv": [
                        0,
                        0,
                        16,
                        0.25
                    ],
                    "texture": "#1"
                },
                "up": {
                    "uv": [
                        0,
                        0,
                        16,
                        16
                    ],
                    "texture": "#1"
                },
                "down": {
                    "uv": [
                        0,
                        0,
                        16,
                        16
                    ],
                    "texture": "#1"
                }
            }
        }
    ],
    "display": {
        "thirdperson_righthand": {
            "translation": [
                0,
                4,
                2
            ],
            "scale": [
                0.5,
                0.5,
                0.5
            ]
        },
        "thirdperson_lefthand": {
            "translation": [
                0,
                4,
                2
            ],
            "scale": [
                0.5,
                0.5,
                0.5
            ]
        },
        "firstperson_righthand": {
            "rotation": [
                1,
                0,
                0
            ],
            "translation": [
                0,
                3,
                0
            ],
            "scale": [
                0.5,
                0.5,
                0.5
            ]
        },
        "firstperson_lefthand": {
            "rotation": [
                1,
                0,
                0
            ],
            "translation": [
                0,
                3,
                0
            ],
            "scale": [
                0.5,
                0.5,
                0.5
            ]
        },
        "ground": {
            "translation": [
                0,
                3,
                0
            ],
            "scale": [
                0.8,
                0.8,
                0.8
            ]
        },
        "gui": {
            "rotation": [
                30,
                225,
                0
            ],
            "translation": [
                0,
                4,
                0
            ],
            "scale": [
                0.8,
                0.8,
                0.8
            ]
        },
        "head": {
            "translation": [
                0,
                14.25,
                0
            ]
        },
        "fixed": {
            "translation": [
                0,
                -6.25,
                -15.5
            ],
            "scale": [
                1.2,
                1.2,
                1.2
            ]
        }
    },
    "groups": [
        {
            "name": "group",
            "origin": [
                8,
                8,
                8
            ],
            "children": [
                {
                    "name": "head",
                    "origin": [
                        8,
                        8,
                        8
                    ],
                    "children": [
                        0,
                        1,
                        2,
                        3
                    ]
                },
                {
                    "name": "body",
                    "origin": [
                        8,
                        8,
                        8
                    ],
                    "children": [
                        4
                    ]
                },
                {
                    "name": "leg",
                    "origin": [
                        8,
                        8,
                        8
                    ],
                    "children": [
                        {
                            "name": "front",
                            "origin": [
                                8,
                                8,
                                8
                            ],
                            "children": [
                                5,
                                6
                            ]
                        },
                        {
                            "name": "back",
                            "origin": [
                                8,
                                8,
                                8
                            ],
                            "children": [
                                7,
                                8
                            ]
                        }
                    ]
                },
                {
                    "name": "tail",
                    "origin": [
                        8,
                        8,
                        8
                    ],
                    "children": [
                        9,
                        10
                    ]
                }
            ]
        },
        {
            "name": "plate",
            "origin": [
                8,
                8,
                8
            ],
            "children": [
                11
            ]
        }
    ]
}