{
    "credit": "Made with Blockbench by Gugle",
    "textures": {
        "0": "block/smooth_stone",
        "1": "mcwzhmeme:item/author/gugle",
        "particle": "block/smooth_stone"
    },
    "elements": [
        {
            "name": "smooth_stone_0",
            "from": [
                6,
                0,
                6
            ],
            "to": [
                10,
                0.25,
                10
            ],
            "rotation": {
                "angle": 0,
                "axis": "y",
                "origin": [
                    8,
                    4,
                    12
                ]
            },
            "faces": {
                "north": {
                    "uv": [
                        16,
                        0,
                        0,
                        1
                    ],
                    "texture": "#0"
                },
                "east": {
                    "uv": [
                        15,
                        0,
                        16,
                        16
                    ],
                    "rotation": 90,
                    "texture": "#0"
                },
                "south": {
                    "uv": [
                        0,
                        15,
                        16,
                        16
                    ],
                    "texture": "#0"
                },
                "west": {
                    "uv": [
                        0,
                        0,
                        1,
                        16
                    ],
                    "rotation": 270,
                    "texture": "#0"
                },
                "up": {
                    "uv": [
                        0,
                        0,
                        16,
                        16
                    ],
                    "texture": "#0"
                },
                "down": {
                    "uv": [
                        0,
                        16,
                        16,
                        0
                    ],
                    "texture": "#0"
                }
            }
        },
        {
            "name": "head",
            "from": [
                7,
                6.25,
                7
            ],
            "to": [
                9,
                8.25,
                9
            ],
            "rotation": {
                "angle": 0,
                "axis": "y",
                "origin": [
                    4.5,
                    4,
                    12
                ]
            },
            "faces": {
                "north": {
                    "uv": [
                        2,
                        2,
                        4,
                        4
                    ],
                    "texture": "#1"
                },
                "east": {
                    "uv": [
                        0,
                        2,
                        2,
                        4
                    ],
                    "texture": "#1"
                },
                "south": {
                    "uv": [
                        6,
                        2,
                        8,
                        4
                    ],
                    "texture": "#1"
                },
                "west": {
                    "uv": [
                        4,
                        2,
                        6,
                        4
                    ],
                    "texture": "#1"
                },
                "up": {
                    "uv": [
                        4,
                        2,
                        2,
                        0
                    ],
                    "texture": "#1"
                },
                "down": {
                    "uv": [
                        6,
                        0,
                        4,
                        2
                    ],
                    "texture": "#1"
                }
            }
        },
        {
            "name": "body",
            "from": [
                7,
                3.2,
                7.5
            ],
            "to": [
                9,
                6.2,
                8.5
            ],
            "rotation": {
                "angle": 0,
                "axis": "y",
                "origin": [
                    4.5,
                    4,
                    12
                ]
            },
            "faces": {
                "north": {
                    "uv": [
                        5,
                        5,
                        7,
                        7.98
                    ],
                    "texture": "#1"
                },
                "east": {
                    "uv": [
                        4,
                        5,
                        5,
                        8
                    ],
                    "texture": "#1"
                },
                "south": {
                    "uv": [
                        8,
                        5,
                        10,
                        8
                    ],
                    "texture": "#1"
                },
                "west": {
                    "uv": [
                        7,
                        5,
                        8,
                        7.98
                    ],
                    "texture": "#1"
                },
                "up": {
                    "uv": [
                        7,
                        5,
                        5,
                        4
                    ],
                    "texture": "#1"
                },
                "down": {
                    "uv": [
                        9,
                        4,
                        7,
                        5
                    ],
                    "texture": "#1"
                }
            }
        },
        {
            "name": "right_arm",
            "from": [
                9.5,
                1.38,
                7.5
            ],
            "to": [
                10.5,
                4.38,
                8.5
            ],
            "rotation": {
                "angle": 22.5,
                "axis": "z",
                "origin": [
                    4.5,
                    4,
                    12
                ]
            },
            "faces": {
                "north": {
                    "uv": [
                        11,
                        5,
                        12,
                        8
                    ],
                    "texture": "#1"
                },
                "east": {
                    "uv": [
                        10,
                        5,
                        11,
                        8
                    ],
                    "texture": "#1"
                },
                "south": {
                    "uv": [
                        13,
                        5,
                        14,
                        8
                    ],
                    "texture": "#1"
                },
                "west": {
                    "uv": [
                        12,
                        5,
                        13,
                        8
                    ],
                    "texture": "#1"
                },
                "up": {
                    "uv": [
                        12,
                        5,
                        11,
                        4
                    ],
                    "texture": "#1"
                },
                "down": {
                    "uv": [
                        13,
                        4,
                        12,
                        5
                    ],
                    "texture": "#1"
                }
            }
        },
        {
            "name": "left_arm",
            "from": [
                5,
                4,
                7.5
            ],
            "to": [
                6,
                7,
                8.5
            ],
            "rotation": {
                "angle": -22.5,
                "axis": "z",
                "origin": [
                    4.5,
                    4,
                    12
                ]
            },
            "faces": {
                "north": {
                    "uv": [
                        9,
                        13,
                        10,
                        16
                    ],
                    "texture": "#1"
                },
                "east": {
                    "uv": [
                        8,
                        13,
                        9,
                        16
                    ],
                    "texture": "#1"
                },
                "south": {
                    "uv": [
                        11,
                        13,
                        12,
                        16
                    ],
                    "texture": "#1"
                },
                "west": {
                    "uv": [
                        10,
                        13,
                        11,
                        16
                    ],
                    "texture": "#1"
                },
                "up": {
                    "uv": [
                        10,
                        13,
                        9,
                        12
                    ],
                    "texture": "#1"
                },
                "down": {
                    "uv": [
                        11,
                        12,
                        10,
                        13
                    ],
                    "texture": "#1"
                }
            }
        },
        {
            "name": "right_leg",
            "from": [
                8,
                0.26,
                7.5
            ],
            "to": [
                9,
                3.26,
                8.5
            ],
            "rotation": {
                "angle": 0,
                "axis": "y",
                "origin": [
                    4.5,
                    4,
                    12
                ]
            },
            "faces": {
                "north": {
                    "uv": [
                        1,
                        5,
                        2,
                        8
                    ],
                    "texture": "#1"
                },
                "east": {
                    "uv": [
                        0,
                        5,
                        1,
                        8
                    ],
                    "texture": "#1"
                },
                "south": {
                    "uv": [
                        3,
                        5,
                        4,
                        8
                    ],
                    "texture": "#1"
                },
                "west": {
                    "uv": [
                        2,
                        5,
                        3,
                        8
                    ],
                    "texture": "#1"
                },
                "up": {
                    "uv": [
                        2,
                        5,
                        1,
                        4
                    ],
                    "texture": "#1"
                },
                "down": {
                    "uv": [
                        3,
                        4,
                        2,
                        5
                    ],
                    "texture": "#1"
                }
            }
        },
        {
            "name": "left_leg",
            "from": [
                7,
                0.26,
                7.5
            ],
            "to": [
                8,
                3.26,
                8.5
            ],
            "rotation": {
                "angle": 0,
                "axis": "y",
                "origin": [
                    4.5,
                    4,
                    12
                ]
            },
            "faces": {
                "north": {
                    "uv": [
                        5,
                        13,
                        6,
                        16
                    ],
                    "texture": "#1"
                },
                "east": {
                    "uv": [
                        4,
                        13,
                        5,
                        16
                    ],
                    "texture": "#1"
                },
                "south": {
                    "uv": [
                        7,
                        13,
                        8,
                        16
                    ],
                    "texture": "#1"
                },
                "west": {
                    "uv": [
                        6,
                        13,
                        7,
                        16
                    ],
                    "texture": "#1"
                },
                "up": {
                    "uv": [
                        6,
                        13,
                        5,
                        12
                    ],
                    "texture": "#1"
                },
                "down": {
                    "uv": [
                        7,
                        12,
                        6,
                        13
                    ],
                    "texture": "#1"
                }
            }
        },
        {
            "name": "head_2nd_layer",
            "from": [
                6.95,
                6.255,
                6.95
            ],
            "to": [
                9.05,
                8.355,
                9.05
            ],
            "rotation": {
                "angle": 0,
                "axis": "y",
                "origin": [
                    4.5,
                    4,
                    12
                ]
            },
            "faces": {
                "north": {
                    "uv": [
                        10,
                        2,
                        12,
                        4
                    ],
                    "texture": "#1"
                },
                "east": {
                    "uv": [
                        8,
                        2,
                        10,
                        4
                    ],
                    "texture": "#1"
                },
                "south": {
                    "uv": [
                        14,
                        2,
                        16,
                        4
                    ],
                    "texture": "#1"
                },
                "west": {
                    "uv": [
                        12,
                        2,
                        14,
                        4
                    ],
                    "texture": "#1"
                },
                "up": {
                    "uv": [
                        12,
                        2,
                        10,
                        0
                    ],
                    "texture": "#1"
                },
                "down": {
                    "uv": [
                        14,
                        0,
                        12,
                        2
                    ],
                    "texture": "#1"
                }
            }
        },
        {
            "name": "body_2nd_layer",
            "from": [
                6.95,
                3.2,
                7.45
            ],
            "to": [
                9.05,
                6.3,
                8.55
            ],
            "rotation": {
                "angle": 0,
                "axis": "y",
                "origin": [
                    4.5,
                    4,
                    12
                ]
            },
            "faces": {
                "north": {
                    "uv": [
                        5,
                        9,
                        7,
                        12
                    ],
                    "texture": "#1"
                },
                "east": {
                    "uv": [
                        4,
                        9,
                        5,
                        12
                    ],
                    "texture": "#1"
                },
                "south": {
                    "uv": [
                        8,
                        9,
                        10,
                        12
                    ],
                    "texture": "#1"
                },
                "west": {
                    "uv": [
                        7,
                        9,
                        8,
                        12
                    ],
                    "texture": "#1"
                },
                "up": {
                    "uv": [
                        7,
                        9,
                        5,
                        8
                    ],
                    "texture": "#1"
                },
                "down": {
                    "uv": [
                        9,
                        8,
                        7,
                        9
                    ],
                    "texture": "#1"
                }
            }
        },
        {
            "name": "right_arm_2nd_layer",
            "from": [
                9.45,
                1.375,
                7.45
            ],
            "to": [
                10.55,
                4.475,
                8.55
            ],
            "rotation": {
                "angle": 22.5,
                "axis": "z",
                "origin": [
                    4.5,
                    4,
                    12
                ]
            },
            "faces": {
                "north": {
                    "uv": [
                        11,
                        9,
                        12,
                        12
                    ],
                    "texture": "#1"
                },
                "east": {
                    "uv": [
                        10,
                        9,
                        11,
                        12
                    ],
                    "texture": "#1"
                },
                "south": {
                    "uv": [
                        13,
                        9,
                        14,
                        12
                    ],
                    "texture": "#1"
                },
                "west": {
                    "uv": [
                        12,
                        9,
                        13,
                        12
                    ],
                    "texture": "#1"
                },
                "up": {
                    "uv": [
                        12,
                        9,
                        11,
                        8
                    ],
                    "texture": "#1"
                },
                "down": {
                    "uv": [
                        13,
                        8,
                        12,
                        9
                    ],
                    "texture": "#1"
                }
            }
        },
        {
            "name": "left_arm_2nd_layer",
            "from": [
                4.95,
                3.95,
                7.45
            ],
            "to": [
                6.05,
                7.05,
                8.55
            ],
            "rotation": {
                "angle": -22.5,
                "axis": "z",
                "origin": [
                    4.5,
                    4,
                    12
                ]
            },
            "faces": {
                "north": {
                    "uv": [
                        13,
                        13,
                        14,
                        16
                    ],
                    "texture": "#1"
                },
                "east": {
                    "uv": [
                        12,
                        13,
                        13,
                        16
                    ],
                    "texture": "#1"
                },
                "south": {
                    "uv": [
                        15,
                        13,
                        16,
                        16
                    ],
                    "texture": "#1"
                },
                "west": {
                    "uv": [
                        14,
                        13,
                        15,
                        16
                    ],
                    "texture": "#1"
                },
                "up": {
                    "uv": [
                        14,
                        13,
                        13,
                        12
                    ],
                    "texture": "#1"
                },
                "down": {
                    "uv": [
                        15,
                        12,
                        14,
                        13
                    ],
                    "texture": "#1"
                }
            }
        },
        {
            "name": "right_leg_2nd_layer",
            "from": [
                7.95,
                0.26,
                7.45
            ],
            "to": [
                9.05,
                3.36,
                8.55
            ],
            "rotation": {
                "angle": 0,
                "axis": "y",
                "origin": [
                    4.5,
                    4,
                    12
                ]
            },
            "faces": {
                "north": {
                    "uv": [
                        1,
                        9,
                        2,
                        12
                    ],
                    "texture": "#1"
                },
                "east": {
                    "uv": [
                        0,
                        9,
                        1,
                        12
                    ],
                    "texture": "#1"
                },
                "south": {
                    "uv": [
                        3,
                        9,
                        4,
                        12
                    ],
                    "texture": "#1"
                },
                "west": {
                    "uv": [
                        2,
                        9,
                        3,
                        12
                    ],
                    "texture": "#1"
                },
                "up": {
                    "uv": [
                        2,
                        9,
                        1,
                        8
                    ],
                    "texture": "#1"
                },
                "down": {
                    "uv": [
                        3,
                        8,
                        2,
                        9
                    ],
                    "texture": "#1"
                }
            }
        },
        {
            "name": "left_leg_2nd_layer",
            "from": [
                6.95,
                0.26,
                7.45
            ],
            "to": [
                8.05,
                3.36,
                8.55
            ],
            "rotation": {
                "angle": 0,
                "axis": "y",
                "origin": [
                    4.5,
                    4,
                    12
                ]
            },
            "faces": {
                "north": {
                    "uv": [
                        1,
                        13,
                        2,
                        16
                    ],
                    "texture": "#1"
                },
                "east": {
                    "uv": [
                        0,
                        13,
                        1,
                        16
                    ],
                    "texture": "#1"
                },
                "south": {
                    "uv": [
                        3,
                        13,
                        4,
                        16
                    ],
                    "texture": "#1"
                },
                "west": {
                    "uv": [
                        2,
                        13,
                        3,
                        16
                    ],
                    "texture": "#1"
                },
                "up": {
                    "uv": [
                        2,
                        12,
                        1,
                        11
                    ],
                    "texture": "#1"
                },
                "down": {
                    "uv": [
                        3,
                        12,
                        2,
                        13
                    ],
                    "texture": "#1"
                }
            }
        }
    ],
    "display": {
        "thirdperson_righthand": {
            "rotation": [
                60,
                0,
                0
            ],
            "translation": [
                0,
                1.9,
                3.75
            ]
        },
        "thirdperson_lefthand": {
            "rotation": [
                60,
                0,
                0
            ],
            "translation": [
                0,
                1.9,
                3.75
            ]
        },
        "firstperson_righthand": {
            "translation": [
                4,
                5,
                0
            ]
        },
        "firstperson_lefthand": {
            "translation": [
                4,
                5,
                0
            ]
        },
        "ground": {
            "translation": [
                0,
                3,
                0
            ],
            "scale": [
                0.7,
                0.7,
                0.7
            ]
        },
        "gui": {
            "rotation": [
                30,
                225,
                0
            ],
            "translation": [
                0,
                5,
                0
            ],
            "scale": [
                1.2,
                1.2,
                1.2
            ]
        },
        "head": {
            "translation": [
                0,
                16,
                0
            ],
            "scale": [
                1.2,
                1.2,
                1.2
            ]
        },
        "fixed": {
            "translation": [
                0,
                0,
                -14
            ],
            "scale": [
                2,
                2,
                2
            ]
        }
    },
    "groups": [
        {
            "name": "group",
            "origin": [
                8,
                8,
                8
            ],
            "children": [
                {
                    "name": "smooth_stone",
                    "origin": [
                        8,
                        8,
                        8
                    ],
                    "children": [
                        0
                    ]
                },
                {
                    "name": "steve",
                    "origin": [
                        8,
                        8,
                        8
                    ],
                    "children": [
                        1,
                        2,
                        3,
                        4,
                        5,
                        6,
                        7,
                        8,
                        9,
                        10,
                        11,
                        12
                    ]
                }
            ]
        }
    ]
}