{
    "credit": "Made with Blockbench by LakeJason",
    "textures": {
        "0": "block/smooth_stone",
        "1": "mcwzhmeme:item/author/littlec",
        "particle": "block/smooth_stone"
    },
    "elements": [
        {
            "name": "smooth_stone_0",
            "from": [
                6,
                0,
                6
            ],
            "to": [
                10,
                0.25,
                10
            ],
            "rotation": {
                "angle": 0,
                "axis": "y",
                "origin": [
                    8,
                    7,
                    9
                ]
            },
            "faces": {
                "north": {
                    "uv": [
                        16,
                        0,
                        0,
                        1
                    ],
                    "texture": "#0"
                },
                "east": {
                    "uv": [
                        15,
                        0,
                        16,
                        16
                    ],
                    "rotation": 90,
                    "texture": "#0"
                },
                "south": {
                    "uv": [
                        0,
                        15,
                        16,
                        16
                    ],
                    "texture": "#0"
                },
                "west": {
                    "uv": [
                        0,
                        0,
                        1,
                        16
                    ],
                    "rotation": 270,
                    "texture": "#0"
                },
                "up": {
                    "uv": [
                        0,
                        0,
                        16,
                        16
                    ],
                    "texture": "#0"
                },
                "down": {
                    "uv": [
                        0,
                        16,
                        16,
                        0
                    ],
                    "texture": "#0"
                }
            }
        },
        {
            "name": "head",
            "from": [
                7,
                6,
                7
            ],
            "to": [
                9,
                8,
                9
            ],
            "faces": {
                "north": {
                    "uv": [
                        2,
                        2,
                        4,
                        4
                    ],
                    "texture": "#1"
                },
                "east": {
                    "uv": [
                        0,
                        2,
                        2,
                        4
                    ],
                    "texture": "#1"
                },
                "south": {
                    "uv": [
                        6,
                        2,
                        8,
                        4
                    ],
                    "texture": "#1"
                },
                "west": {
                    "uv": [
                        4,
                        2,
                        6,
                        4
                    ],
                    "texture": "#1"
                },
                "up": {
                    "uv": [
                        4,
                        2,
                        2,
                        0
                    ],
                    "texture": "#1"
                },
                "down": {
                    "uv": [
                        6,
                        0,
                        4,
                        2
                    ],
                    "texture": "#1"
                }
            }
        },
        {
            "name": "body",
            "from": [
                7,
                3.375,
                7.5
            ],
            "to": [
                9,
                6.375,
                8.5
            ],
            "faces": {
                "north": {
                    "uv": [
                        5,
                        5,
                        7,
                        8
                    ],
                    "texture": "#1"
                },
                "east": {
                    "uv": [
                        4,
                        5,
                        5,
                        8
                    ],
                    "texture": "#1"
                },
                "south": {
                    "uv": [
                        8,
                        5,
                        10,
                        8
                    ],
                    "texture": "#1"
                },
                "west": {
                    "uv": [
                        7,
                        5,
                        8,
                        8
                    ],
                    "texture": "#1"
                },
                "up": {
                    "uv": [
                        7,
                        5,
                        5,
                        4
                    ],
                    "texture": "#1"
                },
                "down": {
                    "uv": [
                        9,
                        4,
                        7,
                        5
                    ],
                    "texture": "#1"
                }
            }
        },
        {
            "name": "right_arm",
            "from": [
                9,
                3.375,
                7.5
            ],
            "to": [
                9.75,
                6.375,
                8.5
            ],
            "faces": {
                "north": {
                    "uv": [
                        11,
                        5,
                        11.75,
                        8
                    ],
                    "texture": "#1"
                },
                "east": {
                    "uv": [
                        10,
                        5,
                        11,
                        8
                    ],
                    "texture": "#1"
                },
                "south": {
                    "uv": [
                        12.75,
                        5,
                        13.5,
                        8
                    ],
                    "texture": "#1"
                },
                "west": {
                    "uv": [
                        11.75,
                        5,
                        12.75,
                        8
                    ],
                    "texture": "#1"
                },
                "up": {
                    "uv": [
                        11.75,
                        5,
                        11,
                        4
                    ],
                    "texture": "#1"
                },
                "down": {
                    "uv": [
                        12.5,
                        4,
                        11.75,
                        5
                    ],
                    "texture": "#1"
                }
            }
        },
        {
            "name": "left_arm",
            "from": [
                6.25,
                3.375,
                7.5
            ],
            "to": [
                7,
                6.375,
                8.5
            ],
            "faces": {
                "north": {
                    "uv": [
                        9,
                        13,
                        9.75,
                        16
                    ],
                    "texture": "#1"
                },
                "east": {
                    "uv": [
                        8,
                        13,
                        9,
                        16
                    ],
                    "texture": "#1"
                },
                "south": {
                    "uv": [
                        10.75,
                        13,
                        11.5,
                        16
                    ],
                    "texture": "#1"
                },
                "west": {
                    "uv": [
                        9.75,
                        13,
                        10.75,
                        16
                    ],
                    "texture": "#1"
                },
                "up": {
                    "uv": [
                        9.75,
                        13,
                        9,
                        12
                    ],
                    "texture": "#1"
                },
                "down": {
                    "uv": [
                        10.5,
                        12,
                        9.75,
                        13
                    ],
                    "texture": "#1"
                }
            }
        },
        {
            "name": "right_leg",
            "from": [
                7,
                0.375,
                7.5
            ],
            "to": [
                8,
                3.375,
                8.5
            ],
            "faces": {
                "north": {
                    "uv": [
                        5,
                        13,
                        6,
                        16
                    ],
                    "texture": "#1"
                },
                "east": {
                    "uv": [
                        4,
                        13,
                        5,
                        16
                    ],
                    "texture": "#1"
                },
                "south": {
                    "uv": [
                        7,
                        13,
                        8,
                        16
                    ],
                    "texture": "#1"
                },
                "west": {
                    "uv": [
                        6,
                        13,
                        7,
                        16
                    ],
                    "texture": "#1"
                },
                "up": {
                    "uv": [
                        6,
                        13,
                        5,
                        12
                    ],
                    "texture": "#1"
                },
                "down": {
                    "uv": [
                        7,
                        12,
                        6,
                        13
                    ],
                    "texture": "#1"
                }
            }
        },
        {
            "name": "left_leg",
            "from": [
                8,
                0.375,
                7.5
            ],
            "to": [
                9,
                3.375,
                8.5
            ],
            "faces": {
                "north": {
                    "uv": [
                        1,
                        5,
                        2,
                        8
                    ],
                    "texture": "#1"
                },
                "east": {
                    "uv": [
                        0,
                        5,
                        1,
                        8
                    ],
                    "texture": "#1"
                },
                "south": {
                    "uv": [
                        3,
                        5,
                        4,
                        8
                    ],
                    "texture": "#1"
                },
                "west": {
                    "uv": [
                        2,
                        5,
                        3,
                        8
                    ],
                    "texture": "#1"
                },
                "up": {
                    "uv": [
                        2,
                        5,
                        1,
                        4
                    ],
                    "texture": "#1"
                },
                "down": {
                    "uv": [
                        3,
                        4,
                        2,
                        5
                    ],
                    "texture": "#1"
                }
            }
        },
        {
            "name": "head_2nd_layer",
            "from": [
                6.875,
                5.75,
                6.875
            ],
            "to": [
                9.125,
                8,
                9.125
            ],
            "faces": {
                "north": {
                    "uv": [
                        10,
                        2,
                        12,
                        4
                    ],
                    "texture": "#1"
                },
                "east": {
                    "uv": [
                        8,
                        2,
                        10,
                        4
                    ],
                    "texture": "#1"
                },
                "south": {
                    "uv": [
                        14,
                        2,
                        16,
                        4
                    ],
                    "texture": "#1"
                },
                "west": {
                    "uv": [
                        12,
                        2,
                        14,
                        4
                    ],
                    "texture": "#1"
                },
                "up": {
                    "uv": [
                        12,
                        2,
                        10,
                        0
                    ],
                    "texture": "#1"
                },
                "down": {
                    "uv": [
                        14,
                        0,
                        12,
                        2
                    ],
                    "texture": "#1"
                }
            }
        },
        {
            "name": "body_2nd_layer",
            "from": [
                7,
                3.255,
                7.3725
            ],
            "to": [
                9,
                6.5075,
                8.6225
            ],
            "faces": {
                "north": {
                    "uv": [
                        5,
                        9,
                        7,
                        12
                    ],
                    "texture": "#1"
                },
                "east": {
                    "uv": [
                        4,
                        9,
                        5,
                        12
                    ],
                    "texture": "#1"
                },
                "south": {
                    "uv": [
                        8,
                        9,
                        10,
                        12
                    ],
                    "texture": "#1"
                },
                "west": {
                    "uv": [
                        7,
                        9,
                        8,
                        12
                    ],
                    "texture": "#1"
                },
                "up": {
                    "uv": [
                        7,
                        9,
                        5,
                        8
                    ],
                    "texture": "#1"
                },
                "down": {
                    "uv": [
                        9,
                        8,
                        7,
                        9
                    ],
                    "texture": "#1"
                }
            }
        },
        {
            "name": "right_arm_2nd_layer",
            "from": [
                8.875,
                3.25,
                7.375
            ],
            "to": [
                9.875,
                6.5,
                8.625
            ],
            "faces": {
                "north": {
                    "uv": [
                        10.75,
                        9,
                        11.5,
                        12
                    ],
                    "texture": "#1"
                },
                "east": {
                    "uv": [
                        10,
                        9,
                        11,
                        12
                    ],
                    "texture": "#1"
                },
                "south": {
                    "uv": [
                        12.75,
                        9,
                        13.5,
                        12
                    ],
                    "texture": "#1"
                },
                "west": {
                    "uv": [
                        11.75,
                        9,
                        12.75,
                        12
                    ],
                    "texture": "#1"
                },
                "up": {
                    "uv": [
                        11.75,
                        9,
                        11,
                        8
                    ],
                    "texture": "#1"
                },
                "down": {
                    "uv": [
                        12.5,
                        8,
                        11.75,
                        9
                    ],
                    "texture": "#1"
                }
            }
        },
        {
            "name": "left_arm_2nd_layer",
            "from": [
                6.125,
                3.25,
                7.375
            ],
            "to": [
                7.125,
                6.5,
                8.625
            ],
            "faces": {
                "north": {
                    "uv": [
                        13,
                        13,
                        13.75,
                        16
                    ],
                    "texture": "#1"
                },
                "east": {
                    "uv": [
                        12,
                        13,
                        13,
                        16
                    ],
                    "texture": "#1"
                },
                "south": {
                    "uv": [
                        14.75,
                        13,
                        15.5,
                        16
                    ],
                    "texture": "#1"
                },
                "west": {
                    "uv": [
                        13.75,
                        13,
                        14.75,
                        16
                    ],
                    "texture": "#1"
                },
                "up": {
                    "uv": [
                        13.75,
                        13,
                        13,
                        12
                    ],
                    "texture": "#1"
                },
                "down": {
                    "uv": [
                        14.5,
                        12,
                        13.75,
                        13
                    ],
                    "texture": "#1"
                }
            }
        },
        {
            "name": "right_leg_2nd_layer",
            "from": [
                7.875,
                0.25,
                7.375
            ],
            "to": [
                9.125,
                3.5,
                8.625
            ],
            "faces": {
                "north": {
                    "uv": [
                        1,
                        9,
                        2,
                        12
                    ],
                    "texture": "#1"
                },
                "east": {
                    "uv": [
                        0,
                        9,
                        1,
                        12
                    ],
                    "texture": "#1"
                },
                "south": {
                    "uv": [
                        3,
                        9,
                        4,
                        12
                    ],
                    "texture": "#1"
                },
                "west": {
                    "uv": [
                        0,
                        9,
                        1,
                        12
                    ],
                    "texture": "#1"
                },
                "up": {
                    "uv": [
                        2,
                        9,
                        1,
                        8
                    ],
                    "texture": "#1"
                },
                "down": {
                    "uv": [
                        3,
                        8,
                        2,
                        9
                    ],
                    "texture": "#1"
                }
            }
        },
        {
            "name": "left_leg_2nd_layer",
            "from": [
                6.875,
                0.25,
                7.375
            ],
            "to": [
                8.125,
                3.5,
                8.625
            ],
            "faces": {
                "north": {
                    "uv": [
                        1,
                        13,
                        2,
                        16
                    ],
                    "texture": "#1"
                },
                "east": {
                    "uv": [
                        0,
                        13,
                        1,
                        16
                    ],
                    "texture": "#1"
                },
                "south": {
                    "uv": [
                        3,
                        13,
                        4,
                        16
                    ],
                    "texture": "#1"
                },
                "west": {
                    "uv": [
                        2,
                        13,
                        3,
                        16
                    ],
                    "texture": "#1"
                },
                "up": {
                    "uv": [
                        2,
                        13,
                        1,
                        12
                    ],
                    "texture": "#1"
                },
                "down": {
                    "uv": [
                        3,
                        12,
                        2,
                        13
                    ],
                    "texture": "#1"
                }
            }
        }
    ],
    "display": {
        "thirdperson_righthand": {
            "rotation": [
                60,
                0,
                0
            ],
            "translation": [
                0,
                1.9,
                3.75
            ]
        },
        "thirdperson_lefthand": {
            "rotation": [
                60,
                0,
                0
            ],
            "translation": [
                0,
                1.9,
                3.75
            ]
        },
        "firstperson_righthand": {
            "translation": [
                4,
                5,
                0
            ]
        },
        "firstperson_lefthand": {
            "translation": [
                4,
                5,
                0
            ]
        },
        "ground": {
            "translation": [
                0,
                3,
                0
            ],
            "scale": [
                0.7,
                0.7,
                0.7
            ]
        },
        "gui": {
            "rotation": [
                30,
                225,
                0
            ],
            "translation": [
                0,
                5,
                0
            ],
            "scale": [
                1.2,
                1.2,
                1.2
            ]
        },
        "head": {
            "translation": [
                0,
                19.25,
                0
            ],
            "scale": [
                1.6,
                1.6,
                1.6
            ]
        },
        "fixed": {
            "translation": [
                0,
                0,
                -14
            ],
            "scale": [
                2,
                2,
                2
            ]
        }
    },
    "groups": [
        {
            "name": "group",
            "origin": [
                8,
                8,
                8
            ],
            "children": [
                {
                    "name": "smooth_stone",
                    "origin": [
                        8,
                        8,
                        8
                    ],
                    "children": [
                        0
                    ]
                },
                {
                    "name": "alex",
                    "origin": [
                        8,
                        8,
                        8
                    ],
                    "children": [
                        1,
                        2,
                        3,
                        4,
                        5,
                        6,
                        7,
                        8,
                        9,
                        10,
                        11,
                        12
                    ]
                }
            ]
        }
    ]
}